date,code,buy_price,close_price,daily_ret_pct,pnl_pct,action
2026-01-05,603601,10.7,12.99,2.32,16.54,
2026-01-05,002163,22.66,21.46,2.32,5.21,
2026-01-05,002149,40.01,46.03,2.32,13.75,
2026-01-05,002969,7.35,13.7,2.32,72.24,
2026-01-05,603278,17.03,16.1,2.32,0.06,
2026-01-06,002347,,13.42,7.86,,
2026-01-06,603601,10.7,13.53,7.86,21.4,
2026-01-06,002931,,38.36,7.86,,
2026-01-06,002969,7.35,15.07,7.86,86.39,
2026-01-06,603278,17.03,16.54,7.86,-5.46,
2026-01-06,002163,22.66,21.46,7.86,-5.3,SELL
2026-01-06,002149,40.01,46.03,7.86,15.05,SELL
2026-01-07,002347,12.41,12.71,2.01,8.14,
2026-01-07,002413,,16.71,2.01,,
2026-01-07,002931,38.36,42.2,2.01,,
2026-01-07,002969,7.35,,2.01,105.03,
2026-01-07,603278,17.03,16.5,2.01,-2.88,
2026-01-07,603601,10.7,13.53,2.01,26.45,SELL
2026-01-08,002347,12.41,13.49,3.33,2.42,
2026-01-08,002718,,49.18,3.33,,
2026-01-08,002413,15.8,17.69,3.33,5.76,
2026-01-08,002931,38.36,46.42,3.33,10.01,
2026-01-08,603278,17.03,16.9,3.33,-3.11,
2026-01-08,002969,7.35,,3.33,,SELL
2026-01-09,002324,,22.8,-1.43,,
2026-01-09,002347,12.41,13.19,-1.43,8.7,
2026-01-09,002413,15.8,18.3,-1.43,11.96,
2026-01-09,002931,38.36,51.06,-1.43,21.01,
2026-01-09,603278,17.03,16.11,-1.43,-0.76,
2026-01-09,002718,48.7,49.18,-1.43,0.99,SELL
2026-01-12,002347,12.41,13.72,7.49,6.29,
2026-01-12,002173,,36.99,7.49,,
2026-01-12,002413,15.8,20.13,7.49,15.82,
2026-01-12,603278,17.03,17.72,7.49,-5.4,
2026-01-12,002931,38.36,51.06,7.49,33.11,SELL
2026-01-12,002324,25.0,22.8,7.49,-8.8,SELL
2026-01-13,603698,,43.47,-9.77,,
2026-01-13,002519,,10.42,-9.77,,
2026-01-13,002413,15.8,18.12,-9.77,27.41,
2026-01-13,002969,,17.55,-9.77,,
2026-01-13,603278,17.03,15.95,-9.77,4.05,
2026-01-13,002173,35.4,36.99,-9.77,4.49,SELL
2026-01-13,002347,12.41,13.72,-9.77,10.56,SELL
2026-01-14,002342,,14.0,3.09,,
2026-01-14,603598,,32.4,3.09,,
2026-01-14,002173,,33.4,3.09,,
2026-01-14,002969,18.24,19.31,3.09,-3.78,
2026-01-14,002519,12.62,10.42,3.09,-17.43,SELL
2026-01-14,002413,15.8,18.12,3.09,14.68,SELL
2026-01-14,603698,46.5,43.47,3.09,-6.52,SELL
2026-01-14,603278,17.03,15.95,3.09,-6.34,SELL
2026-01-15,603598,30.22,31.51,-2.64,7.21,
2026-01-15,002173,34.76,31.8,-2.64,-3.91,
2026-01-15,002519,,10.31,-2.64,,
2026-01-15,002115,,19.54,-2.64,,
2026-01-15,002969,18.24,17.38,-2.64,5.87,
2026-01-15,002342,13.0,14.0,-2.64,7.69,SELL
2026-01-16,000593,,16.45,-3.63,,
2026-01-16,603598,30.22,28.36,-3.63,4.27,
2026-01-16,002115,21.0,17.59,-3.63,-6.95,
2026-01-16,000859,,12.11,-3.63,,
2026-01-16,002519,10.41,10.31,-3.63,-0.96,SELL
2026-01-16,002173,34.76,31.8,-3.63,-8.52,SELL
2026-01-16,002969,18.24,17.38,-3.63,-4.71,SELL
2026-01-19,002009,,22.68,5.49,,
2026-01-19,002173,,29.35,5.49,,
2026-01-19,002046,,47.15,5.49,,
2026-01-19,002112,,21.97,5.49,,
2026-01-19,000859,12.7,12.26,5.49,-4.65,
2026-01-19,000593,18.09,16.45,5.49,-9.07,SELL
2026-01-19,603598,30.22,28.36,5.49,-6.15,SELL
2026-01-19,002115,21.0,17.59,5.49,-16.24,SELL
2026-01-20,300129,,15.04,0.71,,
2026-01-20,002173,29.68,28.41,0.71,-1.11,
2026-01-20,002112,17.97,22.9,0.71,22.26,
2026-01-20,300291,,9.83,0.71,,
2026-01-20,002181,,11.19,0.71,,
2026-01-20,002009,21.8,22.68,0.71,4.04,SELL
2026-01-20,002046,46.73,47.15,0.71,0.9,SELL
2026-01-20,000859,12.7,12.26,0.71,-3.46,SELL
2026-01-21,002187,,8.79,-1.3,,
2026-01-21,000949,,7.61,-1.3,,
2026-01-21,002112,17.97,21.06,-1.3,27.43,
2026-01-21,300291,10.18,9.7,-1.3,-3.44,
2026-01-21,002181,10.27,11.61,-1.3,8.96,
2026-01-21,300129,15.94,15.04,-1.3,-5.65,SELL
2026-01-21,002173,29.68,28.41,-1.3,-4.28,SELL
2026-01-22,600676,,8.96,0.95,,
2026-01-22,600785,,22.1,0.95,,
2026-01-22,002112,17.97,21.78,0.95,17.2,
2026-01-22,300291,10.18,9.54,0.95,-4.72,
2026-01-22,002181,10.27,12.07,0.95,13.05,
2026-01-22,000949,7.8,7.61,0.95,-2.44,SELL
2026-01-22,002187,9.0,8.79,0.95,-2.33,SELL
2026-01-23,600058,,15.49,0.62,,
2026-01-23,002112,17.97,23.96,0.62,21.2,
2026-01-23,603608,,11.96,0.62,,
2026-01-23,002181,10.27,11.68,0.62,17.53,
2026-01-23,600676,9.74,8.96,0.62,-8.01,SELL
2026-01-23,600785,21.0,22.1,0.62,5.24,SELL
2026-01-23,300291,10.18,9.54,0.62,-6.29,SELL
2026-01-26,002636,,26.29,-1.25,,
2026-01-26,002112,17.97,22.98,-1.25,33.33,
2026-01-26,603608,12.3,11.66,-1.25,-2.76,
2026-01-26,603078,,29.4,-1.25,,
2026-01-26,002181,10.27,11.74,-1.25,13.73,
2026-01-26,600058,15.66,15.49,-1.25,-1.09,SELL
2026-01-27,002201,,15.03,0.57,,
2026-01-27,002112,17.97,22.2,0.57,27.88,
2026-01-27,603078,30.89,29.03,0.57,-4.82,
2026-01-27,000506,,23.57,0.57,,
2026-01-27,002181,10.27,11.06,0.57,14.31,
2026-01-27,002636,25.44,26.29,0.57,3.34,SELL
2026-01-27,603608,12.3,11.66,0.57,-5.2,SELL
2026-01-28,002201,14.66,15.63,1.25,2.52,
2026-01-28,002112,17.97,22.63,1.25,23.54,
2026-01-28,002218,,6.9,1.25,,
2026-01-28,603078,30.89,27.0,1.25,-6.02,
2026-01-28,000506,21.4,25.93,1.25,10.14,
2026-01-28,002181,10.27,11.06,1.25,7.69,SELL
2026-01-29,002201,14.66,14.6,-2.43,6.62,
2026-01-29,002112,17.97,21.03,-2.43,25.93,
2026-01-29,002218,6.8,6.56,-2.43,1.47,
2026-01-29,000506,21.4,28.52,-2.43,21.17,
2026-01-29,603078,30.89,27.0,-2.43,-12.59,SELL
2026-01-30,002201,14.66,13.57,-2.42,-0.41,
2026-01-30,002112,17.97,19.66,-2.42,17.03,
2026-01-30,002218,6.8,5.9,-2.42,-3.53,
2026-01-30,000506,21.4,25.67,-2.42,33.27,
2026-01-30,002181,,12.27,-2.42,,
2026-02-02,002165,,12.45,-1.54,,
2026-02-02,002201,14.66,13.44,-1.54,-7.44,
2026-02-02,603078,,24.38,-1.54,,
2026-02-02,002119,,24.75,-1.54,,
2026-02-02,002181,11.97,11.99,-1.54,2.51,
2026-02-02,002112,17.97,19.66,-1.54,9.4,SELL
2026-02-02,000506,21.4,25.67,-1.54,19.95,SELL
2026-02-02,002218,6.8,5.9,-1.54,-13.24,SELL
2026-02-03,002339,,12.15,3.68,,
2026-02-03,002636,,24.39,3.68,,
2026-02-03,002165,12.77,13.7,3.68,-2.51,
2026-02-03,002119,24.8,25.73,3.68,-0.2,
2026-02-03,603078,24.84,24.38,3.68,-1.85,SELL
2026-02-03,002181,11.97,11.99,3.68,0.17,SELL
2026-02-03,002201,14.66,13.44,3.68,-8.32,SELL
2026-02-04,002339,11.71,12.32,-1.77,3.76,
2026-02-04,600785,,25.35,-1.77,,
2026-02-04,002165,12.77,14.12,-1.77,7.28,
2026-02-04,002119,24.8,25.31,-1.77,3.75,
2026-02-04,002181,,11.95,-1.77,,
2026-02-04,002636,24.61,24.39,-1.77,-0.89,SELL
2026-02-05,002339,11.71,11.6,-2.07,5.21,
2026-02-05,600785,26.0,24.4,-2.07,-2.5,
2026-02-05,002165,12.77,12.91,-2.07,10.57,
2026-02-05,002119,24.8,25.64,-2.07,2.06,
2026-02-05,002181,12.26,12.22,-2.07,-2.53,
2026-02-06,600785,26.0,22.58,0.03,-6.15,
2026-02-06,603103,,33.4,0.03,,
2026-02-06,002165,12.77,13.16,0.03,1.1,
2026-02-06,002112,,25.41,0.03,,
2026-02-06,002119,24.8,24.05,0.03,3.39,
2026-02-06,002339,11.71,11.6,0.03,-0.94,SELL
2026-02-06,002181,12.26,12.22,0.03,-0.33,SELL
2026-02-09,002339,,12.95,0.16,,
2026-02-09,002455,,12.25,0.16,,
2026-02-09,002165,12.77,13.6,0.16,3.05,
2026-02-09,002112,23.12,25.3,0.16,9.9,
2026-02-09,600785,26.0,22.58,0.16,-13.15,SELL
2026-02-09,002119,24.8,24.05,0.16,-3.02,SELL
2026-02-09,603103,33.2,33.4,0.16,0.6,SELL
2026-02-10,002455,12.25,13.48,1.36,,
2026-02-10,603103,,40.41,1.36,,
2026-02-10,002165,12.77,12.73,1.36,6.5,
2026-02-10,002112,23.12,25.16,1.36,9.43,
2026-02-10,603618,,14.64,1.36,,
2026-02-10,002339,12.67,12.95,1.36,2.21,SELL
2026-02-11,002455,12.25,14.83,-0.29,10.04,
2026-02-11,603103,39.17,36.37,-0.29,3.17,
2026-02-11,002165,12.77,12.2,-0.29,-0.31,
2026-02-11,002112,23.12,24.08,-0.29,8.82,
2026-02-11,603618,13.57,15.72,-0.29,7.89,
2026-02-12,002342,,17.15,1.75,,
2026-02-12,002455,12.25,14.1,1.75,21.06,
2026-02-12,002112,23.12,24.92,1.75,4.15,
2026-02-12,002440,,14.95,1.75,,
2026-02-12,603618,13.57,16.12,1.75,15.84,
2026-02-12,603103,39.17,36.37,1.75,-7.15,SELL
2026-02-12,002165,12.77,12.2,1.75,-4.46,SELL
2026-02-13,002471,,8.95,-4.77,,
2026-02-13,002455,12.25,13.85,-4.77,15.1,
2026-02-13,002112,23.12,23.42,-4.77,7.79,
2026-02-13,002440,14.94,14.79,-4.77,0.07,
2026-02-13,603618,13.57,14.51,-4.77,18.79,
2026-02-13,002342,17.15,17.15,-4.77,,SELL
2026-02-24,002471,9.27,9.17,0.34,-3.45,
2026-02-24,002009,,35.87,0.34,,
2026-02-24,002455,12.25,14.52,0.34,13.06,
2026-02-24,002112,23.12,25.13,0.34,1.3,
2026-02-24,002440,14.94,15.22,0.34,-1.0,
2026-02-24,603618,13.57,14.51,0.34,6.93,SELL
2026-02-25,000533,,11.58,-1.4,,
2026-02-25,002455,12.25,14.32,-1.4,18.53,
2026-02-25,600330,,17.42,-1.4,,
2026-02-25,001896,,11.03,-1.4,,
2026-02-25,002498,,8.2,-1.4,,
2026-02-25,002471,9.27,9.17,-1.4,-1.08,SELL
2026-02-25,002009,37.94,35.87,-1.4,-5.46,SELL
2026-02-25,002440,14.94,15.22,-1.4,1.87,SELL
2026-02-25,002112,23.12,25.13,-1.4,8.69,SELL
2026-02-26,000533,11.79,11.82,3.05,-1.78,
2026-02-26,002455,12.25,14.1,3.05,16.9,
2026-02-26,001896,10.5,12.13,3.05,5.05,
2026-02-26,600330,18.81,17.56,3.05,-7.39,
2026-02-26,002498,7.83,8.38,3.05,4.73,
2026-02-27,000533,11.79,11.68,1.65,0.25,
2026-02-27,002455,12.25,14.36,1.65,15.1,
2026-02-27,001896,10.5,13.34,1.65,15.52,
2026-02-27,600330,18.81,17.15,1.65,-6.65,
2026-02-27,002498,7.83,8.26,1.65,7.02,
2026-03-02,000533,11.79,11.39,0.04,-0.93,
2026-03-02,002455,12.25,13.85,0.04,17.22,
2026-03-02,001896,10.5,14.14,0.04,27.05,
2026-03-02,002498,7.83,7.99,0.04,5.49,
2026-03-02,600397,,21.5,0.04,,
2026-03-02,600330,18.81,17.15,0.04,-8.83,SELL
2026-03-03,002455,12.25,12.47,-7.41,13.06,
2026-03-03,001896,10.5,13.28,-7.41,34.67,
2026-03-03,002498,7.83,7.39,-7.41,2.04,
2026-03-03,600397,22.58,19.35,-7.41,-4.78,
2026-03-03,002842,,43.68,-7.41,,
2026-03-03,000533,11.79,11.39,-7.41,-3.39,SELL
2026-03-04,001896,10.5,14.26,7.68,26.48,
2026-03-04,002843,,28.21,7.68,,
2026-03-04,002498,7.83,8.13,7.68,-5.62,
2026-03-04,300164,,24.56,7.68,,
2026-03-04,002842,45.72,46.05,7.68,-4.46,
2026-03-04,002455,12.25,12.47,7.68,1.8,SELL
2026-03-04,600397,22.58,19.35,7.68,-14.3,SELL
2026-03-05,001896,10.5,14.44,0.64,35.81,
2026-03-05,002498,7.83,8.94,0.64,3.83,
2026-03-05,300164,22.0,22.41,0.64,11.64,
2026-03-05,002490,,12.7,0.64,,
2026-03-05,002272,,21.01,0.64,,
2026-03-05,002842,45.72,46.05,0.64,0.72,SELL
2026-03-05,002843,28.87,28.21,0.64,-2.29,SELL
2026-03-06,001896,10.5,15.88,2.22,37.52,
2026-03-06,002498,7.83,9.83,2.22,14.18,
2026-03-06,300164,22.0,20.3,2.22,1.86,
2026-03-06,002490,11.89,13.2,2.22,6.81,
2026-03-06,002272,22.38,20.77,2.22,-6.12,
2026-03-09,000533,,16.37,-0.77,,
2026-03-09,001896,10.5,15.95,-0.77,51.24,
2026-03-09,600108,,5.43,-0.77,,
2026-03-09,300164,22.0,21.14,-0.77,-7.73,
2026-03-09,002272,22.38,19.83,-0.77,-7.19,
2026-03-09,002498,7.83,9.83,-0.77,25.54,SELL
2026-03-09,002490,11.89,13.2,-0.77,11.02,SELL
2026-03-10,000533,15.76,17.66,3.2,3.87,
2026-03-10,001896,10.5,15.81,3.2,51.9,
2026-03-10,600108,5.52,5.97,3.2,-1.63,
2026-03-10,300164,22.0,18.9,3.2,-3.91,
2026-03-10,600821,,9.66,3.2,,
2026-03-10,002272,22.38,19.83,3.2,-11.39,SELL
2026-03-11,000533,15.76,17.87,1.34,12.06,
2026-03-11,001896,10.5,16.59,1.34,50.57,
2026-03-11,600108,5.52,6.57,1.34,8.15,
2026-03-11,300658,,28.47,1.34,,
2026-03-11,002350,,15.54,1.34,,
2026-03-11,600821,10.41,9.66,1.34,-7.2,SELL
2026-03-11,300164,22.0,18.9,1.34,-14.09,SELL
2026-03-12,000533,15.76,18.84,3.93,13.39,
2026-03-12,001896,10.5,17.16,3.93,58.0,
2026-03-12,600108,5.52,6.96,3.93,19.02,
2026-03-12,000899,,15.29,3.93,,
2026-03-12,600722,,15.4,3.93,,
2026-03-12,002350,15.07,15.54,3.93,3.12,SELL
2026-03-12,300658,29.66,28.47,3.93,-4.01,SELL
2026-03-13,000533,15.76,16.96,-5.11,19.54,
2026-03-13,001896,10.5,15.44,-5.11,63.43,
2026-03-13,600108,5.52,6.26,-5.11,26.09,
2026-03-13,600722,14.51,16.94,-5.11,6.13,
2026-03-13,600821,,10.15,-5.11,,
2026-03-13,000899,15.99,15.29,-5.11,-4.38,SELL
2026-03-16,000899,,13.72,1.37,,
2026-03-16,300658,,25.86,1.37,,
2026-03-16,002350,,13.85,1.37,,
2026-03-16,600722,14.51,18.4,1.37,16.75,
2026-03-16,600821,10.9,10.65,1.37,-6.88,
2026-03-16,001896,10.5,15.44,1.37,47.05,SELL
2026-03-16,000533,15.76,16.96,1.37,7.61,SELL
2026-03-16,600108,5.52,6.26,1.37,13.41,SELL
2026-03-17,000899,13.99,13.25,1.17,-1.93,
2026-03-17,000890,,13.42,1.17,,
2026-03-17,002350,14.32,13.36,1.17,-3.28,
2026-03-17,600722,14.51,19.3,1.17,26.81,
2026-03-17,600821,10.9,9.7,1.17,-2.29,
2026-03-17,300658,26.46,25.86,1.17,-2.27,SELL
2026-03-18,600227,,5.0,-5.65,,
2026-03-18,000890,12.55,13.6,-5.65,6.93,
2026-03-18,600722,14.51,17.37,-5.65,33.01,
2026-03-18,603778,,22.71,-5.65,,
2026-03-18,600821,10.9,9.7,-5.65,-11.01,SELL
2026-03-18,000899,13.99,13.25,-5.65,-5.29,SELL
2026-03-18,002350,14.32,13.36,-5.65,-6.7,SELL
2026-03-19,002980,,39.05,1.42,,
2026-03-19,600227,5.29,4.67,1.42,-5.48,
2026-03-19,000890,12.55,14.0,1.42,8.37,
2026-03-19,600821,,11.11,1.42,,
2026-03-19,603778,24.69,22.71,1.42,-8.02,SELL
2026-03-19,600722,14.51,17.37,1.42,19.71,SELL
2026-03-20,600396,,6.26,1.1,,
2026-03-20,000020,,23.33,1.1,,
2026-03-20,000890,12.55,13.13,1.1,11.55,
2026-03-20,600821,10.05,10.71,1.1,10.55,
2026-03-20,603778,,24.21,1.1,,
2026-03-20,002980,37.88,39.05,1.1,3.09,SELL
2026-03-20,600227,5.29,4.67,1.1,-11.72,SELL
2026-03-23,600396,6.1,6.89,-3.5,2.62,
2026-03-23,000020,23.33,21.0,-3.5,,
2026-03-23,000890,12.55,13.15,-3.5,4.62,
2026-03-23,603778,22.42,24.65,-3.5,7.98,
2026-03-23,000601,,7.33,-3.5,,
2026-03-23,600821,10.05,10.71,-3.5,6.57,SELL
2026-03-24,600396,6.1,7.58,2.29,12.95,
2026-03-24,002150,,36.93,2.29,,
2026-03-24,000890,12.55,12.79,2.29,4.78,
2026-03-24,600821,,11.07,2.29,,
2026-03-24,603778,22.42,24.71,2.29,9.95,
2026-03-24,000020,23.33,21.0,2.29,-9.99,SELL
2026-03-24,000601,8.12,7.33,2.29,-9.73,SELL
2026-03-25,600396,6.1,8.34,2.87,24.26,
2026-03-25,002150,37.78,38.93,2.87,-2.25,
2026-03-25,000890,12.55,13.61,2.87,1.91,
2026-03-25,600821,10.21,11.25,2.87,8.42,
2026-03-25,603778,22.42,24.54,2.87,10.21,
2026-03-26,600396,6.1,8.88,-4.75,36.72,
2026-03-26,002150,37.78,36.78,-4.75,3.04,
2026-03-26,000890,12.55,12.25,-4.75,8.45,
2026-03-26,600821,10.21,10.44,-4.75,10.19,
2026-03-26,603778,22.42,22.09,-4.75,9.46,
2026-03-27,603687,,15.63,-1.26,,
2026-03-27,600396,6.1,8.99,-1.26,45.57,
2026-03-27,002150,37.78,34.77,-1.26,-2.65,
2026-03-27,600821,10.21,10.08,-1.26,2.25,
2026-03-27,603538,,39.18,-1.26,,
2026-03-27,000890,12.55,12.25,-1.26,-2.39,SELL
2026-03-27,603778,22.42,22.09,-1.26,-1.47,SELL
2026-03-30,600396,6.1,8.09,-4.29,47.38,
2026-03-30,002150,37.78,33.51,-4.29,-7.97,
2026-03-30,000720,,4.96,-4.29,,
2026-03-30,600821,10.21,9.15,-4.29,-1.27,
2026-03-30,603538,37.94,43.1,-4.29,3.27,
2026-03-30,603687,15.99,15.63,-4.29,-2.25,SELL
2026-03-31,603687,,14.9,-5.99,,
2026-03-31,603803,,12.44,-5.99,,
2026-03-31,603538,37.94,40.9,-5.99,13.6,
2026-03-31,600844,,4.87,-5.99,,
2026-03-31,002150,37.78,33.51,-5.99,-11.3,SELL
2026-03-31,600821,10.21,9.15,-5.99,-10.38,SELL
2026-03-31,000720,5.5,4.96,-5.99,-9.82,SELL
2026-03-31,600396,6.1,8.09,-5.99,32.62,SELL
2026-04-01,603687,15.83,16.39,1.9,-5.87,
2026-04-01,002150,,31.64,1.9,,
2026-04-01,002361,,17.0,1.9,,
2026-04-01,603115,,46.85,1.9,,
2026-04-01,603538,37.94,39.79,1.9,7.8,
2026-04-01,603803,13.3,12.44,1.9,-6.47,SELL
2026-04-01,600844,5.05,4.87,1.9,-3.56,SELL
2026-04-02,603687,15.83,16.17,-0.37,3.54,
2026-04-02,002361,17.0,17.29,-0.37,,
2026-04-02,603115,44.4,43.75,-0.37,5.52,
2026-04-02,002902,,27.64,-0.37,,
2026-04-02,603538,37.94,42.32,-0.37,4.88,
2026-04-02,002150,31.57,31.64,-0.37,0.22,SELL
2026-04-03,603687,15.83,14.89,-3.01,2.15,
2026-04-03,002038,,8.98,-3.01,,
2026-04-03,002361,17.0,15.74,-3.01,1.71,
2026-04-03,002902,28.8,27.0,-3.01,-4.03,
2026-04-03,603538,37.94,40.0,-3.01,11.54,
2026-04-03,603115,44.4,43.75,-3.01,-1.46,SELL
2026-04-07,603687,15.83,16.38,2.45,-5.94,
2026-04-07,002038,8.6,8.6,2.45,4.42,
2026-04-07,002309,,5.23,2.45,,
2026-04-07,600488,,7.67,2.45,,
2026-04-07,603538,37.94,39.31,2.45,5.43,
2026-04-07,002361,17.0,15.74,2.45,-7.41,SELL
2026-04-07,002902,28.8,27.0,2.45,-6.25,SELL
2026-04-08,603687,15.83,17.36,-3.69,3.47,
2026-04-08,002038,8.6,7.88,-3.69,,
2026-04-08,002309,5.03,5.03,-3.69,3.98,
2026-04-08,600488,7.3,7.36,-3.69,5.07,
2026-04-08,603538,37.94,43.24,-3.69,3.61,
2026-04-09,603687,15.83,18.16,-0.23,9.67,
2026-04-09,002361,,16.41,-0.23,,
2026-04-09,002309,5.03,4.76,-0.23,,
2026-04-09,600488,7.3,7.08,-0.23,0.82,
2026-04-09,603538,37.94,45.5,-0.23,13.97,
2026-04-09,002038,8.6,7.88,-0.23,-8.37,SELL
2026-04-10,603687,15.83,16.77,-0.62,14.72,
2026-04-10,002038,,7.54,-0.62,,
2026-04-10,002361,16.78,16.49,-0.62,-2.21,
2026-04-10,600488,7.3,6.42,-0.62,-3.01,
2026-04-10,603538,37.94,49.59,-0.62,19.93,
2026-04-10,002309,5.03,4.76,-0.62,-5.37,SELL
2026-04-13,603687,15.83,16.99,3.85,5.94,
2026-04-13,002361,16.78,16.7,3.85,-1.73,
2026-04-13,002902,,30.88,3.85,,
2026-04-13,603538,37.94,48.07,3.85,30.71,
2026-04-13,002038,7.35,7.54,3.85,2.59,SELL
2026-04-13,600488,7.3,6.42,3.85,-12.05,SELL
2026-04-14,603687,15.83,16.4,1.21,7.33,
2026-04-14,002361,16.78,16.85,1.21,-0.48,
2026-04-14,002902,27.5,30.29,1.21,12.29,
2026-04-14,600488,,6.22,1.21,,
2026-04-14,603538,37.94,50.96,1.21,26.7,
2026-04-15,603687,15.83,18.04,4.81,3.6,
2026-04-15,002361,16.78,18.54,4.81,0.42,
2026-04-15,002902,27.5,29.8,4.81,10.15,
2026-04-15,002051,,11.9,4.81,,
2026-04-15,600488,5.94,6.84,4.81,4.71,
2026-04-15,603538,37.94,50.96,4.81,34.32,SELL
2026-04-16,603687,15.83,19.84,4.2,13.96,
2026-04-16,600666,,6.85,4.2,,
2026-04-16,002361,16.78,19.26,4.2,10.49,
2026-04-16,002902,27.5,30.62,4.2,8.36,
2026-04-16,002051,11.39,11.59,4.2,4.48,
2026-04-16,600488,5.94,6.84,4.2,15.15,SELL
2026-04-17,603687,15.83,19.25,-0.71,25.33,
2026-04-17,600666,6.25,7.09,-0.71,9.6,
2026-04-17,002263,,4.98,-0.71,,
2026-04-17,002361,16.78,18.75,-0.71,14.78,
2026-04-17,002051,11.39,11.52,-0.71,1.76,
2026-04-17,002902,27.5,30.62,-0.71,11.35,SELL
2026-04-20,603687,15.83,19.09,3.46,21.6,
2026-04-20,600666,6.25,7.16,3.46,13.44,
2026-04-20,002361,16.78,20.63,3.46,11.74,
2026-04-20,002051,11.39,11.97,3.46,1.14,
2026-04-20,002297,,19.46,3.46,,
2026-04-20,002263,5.26,4.98,3.46,-5.32,SELL
2026-04-21,603687,15.83,19.55,-0.74,20.59,
2026-04-21,002361,16.78,22.69,-0.74,22.94,
2026-04-21,002263,,5.02,-0.74,,
2026-04-21,002051,11.39,11.88,-0.74,5.09,
2026-04-21,002297,18.73,18.99,-0.74,3.9,
2026-04-21,600666,6.25,7.16,-0.74,14.56,SELL
2026-04-22,002038,,7.36,1.38,,
2026-04-22,002361,16.78,23.65,1.38,35.22,
2026-04-22,002263,5.13,4.83,1.38,-2.14,
2026-04-22,002051,11.39,11.54,1.38,4.3,
2026-04-22,002297,18.73,20.29,1.38,1.39,
2026-04-22,603687,15.83,19.55,1.38,23.5,SELL
2026-04-23,002342,,18.96,-1.56,,
2026-04-23,002361,16.78,22.99,-1.56,40.94,
2026-04-23,002213,,34.13,-1.56,,
2026-04-23,002051,11.39,10.81,-1.56,1.32,
2026-04-23,002297,18.73,22.24,-1.56,8.33,
2026-04-23,002263,5.13,4.83,-1.56,-5.85,SELL
2026-04-23,002038,7.32,7.36,-1.56,0.55,SELL
2026-04-24,002361,16.78,21.46,-3.6,37.01,
2026-04-24,002051,11.39,10.65,-3.6,-5.09,
2026-04-24,600488,,6.12,-3.6,,
2026-04-24,002081,,4.89,-3.6,,
2026-04-24,002297,18.73,22.3,-3.6,18.74,
2026-04-24,002342,19.63,18.96,-3.6,-3.41,SELL
2026-04-24,002213,36.12,34.13,-3.6,-5.51,SELL
2026-04-27,002342,,18.42,0.67,,
2026-04-27,002361,16.78,21.66,0.67,27.89,
2026-04-27,002051,11.39,10.22,0.67,-6.5,
2026-04-27,600488,6.43,5.62,0.67,-4.82,
2026-04-27,002297,18.73,20.53,0.67,19.06,
2026-04-27,002081,5.45,4.89,0.67,-10.28,SELL
2026-04-28,600396,,10.8,4.81,,
2026-04-28,002361,16.78,20.02,4.81,29.08,
2026-04-28,600152,,15.69,4.81,,
2026-04-28,002297,18.73,22.58,4.81,9.61,
2026-04-28,603318,,13.78,4.81,,
2026-04-28,002342,18.29,18.42,4.81,0.71,SELL
2026-04-28,002051,11.39,10.22,4.81,-10.27,SELL
2026-04-28,600488,6.43,5.62,4.81,-12.6,SELL
2026-04-29,000593,,26.71,3.49,,
2026-04-29,600396,10.13,10.43,3.49,6.61,
2026-04-29,600152,14.55,14.5,3.49,7.84,
2026-04-29,002297,18.73,23.21,3.49,20.56,
2026-04-29,603318,13.0,14.55,3.49,6.0,
2026-04-29,002361,16.78,20.02,3.49,19.31,SELL
2026-04-30,000593,25.89,25.3,-0.11,3.17,
2026-04-30,600396,10.13,9.92,-0.11,2.96,
2026-04-30,600152,14.55,14.85,-0.11,-0.34,
2026-04-30,002297,18.73,24.5,-0.11,23.92,
2026-04-30,603318,13.0,14.26,-0.11,11.92,
2026-05-06,600707,,8.22,1.69,,
2026-05-06,600396,10.13,10.91,1.69,-2.07,
2026-05-06,600152,14.55,15.09,1.69,2.06,
2026-05-06,002297,18.73,24.01,1.69,30.81,
2026-05-06,603318,13.0,14.5,1.69,9.69,
2026-05-06,000593,25.89,25.3,1.69,-2.28,SELL
2026-05-07,600396,10.13,12.0,2.02,7.7,
2026-05-07,600152,14.55,15.11,2.02,3.71,
2026-05-07,300067,,7.97,2.02,,
2026-05-07,002297,18.73,24.75,2.02,28.19,
2026-05-07,603318,13.0,13.05,2.02,11.54,
2026-05-07,600707,8.23,8.22,2.02,-0.12,SELL
2026-05-08,600396,10.13,12.44,1.22,18.46,
2026-05-08,000889,,5.41,1.22,,
2026-05-08,600152,14.55,15.41,1.22,3.85,
2026-05-08,300067,7.66,7.62,1.22,4.05,
2026-05-08,002297,18.73,25.71,1.22,32.14,
2026-05-08,603318,13.0,13.05,1.22,0.38,SELL
2026-05-11,600396,10.13,13.68,-0.67,22.8,
2026-05-11,000889,5.66,5.26,-0.67,-4.42,
2026-05-11,600152,14.55,14.65,-0.67,5.91,
2026-05-11,603738,,51.71,-0.67,,
2026-05-11,002297,18.73,25.15,-0.67,37.27,
2026-05-11,300067,7.66,7.62,-0.67,-0.52,SELL
2026-05-12,002491,,25.0,-1.39,,
2026-05-12,600396,10.13,15.05,-1.39,35.04,
2026-05-12,600379,,17.19,-1.39,,
2026-05-12,300067,,7.08,-1.39,,
2026-05-12,600234,,29.93,-1.39,,
2026-05-12,603738,50.67,51.71,-1.39,2.05,SELL
2026-05-12,002297,18.73,25.15,-1.39,34.28,SELL
2026-05-12,600152,14.55,14.65,-1.39,0.69,SELL
2026-05-12,000889,5.66,5.26,-1.39,-7.07,SELL
2026-05-13,600683,,19.26,3.88,,
2026-05-13,600396,10.13,16.56,3.88,48.57,
2026-05-13,600379,18.31,18.91,3.88,-6.12,
2026-05-13,300067,7.4,7.44,3.88,-4.32,
2026-05-13,600234,31.5,29.59,3.88,-4.98,
2026-05-13,002491,24.5,25.0,3.88,2.04,SELL
2026-05-14,000925,,10.66,-5.57,,
2026-05-14,600396,10.13,16.64,-5.57,63.47,
2026-05-14,000889,,5.32,-5.57,,
2026-05-14,600379,18.31,18.94,-5.57,3.28,
2026-05-14,300067,7.4,7.0,-5.57,0.54,
2026-05-14,600683,20.8,19.26,-5.57,-7.4,SELL
2026-05-14,600234,31.5,29.59,-5.57,-6.06,SELL
2026-05-15,600396,10.13,17.43,-0.8,64.26,
2026-05-15,600156,,13.1,-0.8,,
2026-05-15,603095,,24.08,-0.8,,
2026-05-15,002918,,18.63,-0.8,,
2026-05-15,600379,18.31,18.66,-0.8,3.44,
2026-05-15,300067,7.4,7.0,-0.8,-5.41,SELL
2026-05-15,000889,5.8,5.32,-0.8,-8.28,SELL
2026-05-15,000925,11.38,10.66,-0.8,-6.33,SELL
2026-05-18,002491,,23.69,-2.76,,
2026-05-18,600396,10.13,15.69,-2.76,72.06,
2026-05-18,002918,18.63,16.77,-2.76,,
2026-05-18,600379,18.31,16.79,-2.76,1.91,
2026-05-18,603095,24.28,24.08,-2.76,-0.82,SELL
2026-05-18,600156,14.88,13.1,-2.76,-11.96,SELL
2026-05-19,002971,,38.52,7.51,,
2026-05-19,002491,22.88,23.69,7.51,3.54,
2026-05-19,300632,,42.24,7.51,,
2026-05-19,002552,,38.87,7.51,,
2026-05-19,002208,,25.12,7.51,,
2026-05-19,002918,18.63,16.77,7.51,-9.98,SELL
2026-05-19,600379,18.31,16.79,7.51,-8.3,SELL
2026-05-19,600396,10.13,15.69,7.51,54.89,SELL
2026-05-20,002491,22.88,24.15,0.25,3.54,
2026-05-20,300721,,32.8,0.25,,
2026-05-20,300632,33.34,39.29,0.25,26.69,
2026-05-20,002552,38.39,37.4,0.25,1.25,
2026-05-20,002208,23.5,25.88,0.25,6.89,
2026-05-20,002971,37.93,38.52,0.25,1.56,SELL
2026-05-21,600530,,6.84,-5.95,,
2026-05-21,300632,33.34,35.66,-5.95,17.85,
2026-05-21,002552,38.39,36.2,-5.95,-2.58,
2026-05-21,002208,23.5,23.29,-5.95,10.13,
2026-05-21,603316,,27.25,-5.95,,
2026-05-21,002491,22.88,24.15,-5.95,5.55,SELL
2026-05-21,300721,33.31,32.8,-5.95,-1.53,SELL
2026-05-22,300632,33.34,36.68,4.18,6.96,
2026-05-22,002552,38.39,39.82,4.18,-5.7,
2026-05-22,603316,25.4,26.9,4.18,7.28,
2026-05-22,600903,,10.42,4.18,,
2026-05-22,002208,23.5,23.29,4.18,-0.89,SELL
2026-05-22,600530,8.0,6.84,4.18,-14.5,SELL
2026-05-25,603938,,47.73,1.21,,
2026-05-25,000417,,10.35,1.21,,
2026-05-25,300632,33.34,38.06,1.21,10.02,
2026-05-25,002552,38.39,43.8,1.21,3.72,
2026-05-25,603316,25.4,25.76,1.21,5.91,
2026-05-25,600903,9.65,10.42,1.21,7.98,SELL
2026-05-26,603938,49.68,43.86,-1.98,-3.93,
2026-05-26,000417,9.92,9.32,-1.98,4.33,
2026-05-26,002552,38.39,48.18,-1.98,14.09,
2026-05-26,603316,25.4,23.18,-1.98,1.42,
2026-05-26,603936,,26.24,-1.98,,
2026-05-26,300632,33.34,38.06,-1.98,14.16,SELL
2026-05-27,600172,,13.27,0.73,,
2026-05-27,002552,38.39,50.53,0.73,25.5,
2026-05-27,002782,,30.14,0.73,,
2026-05-27,603936,25.21,24.12,0.73,4.09,
2026-05-27,603938,49.68,43.86,0.73,-11.71,SELL
2026-05-27,000417,9.92,9.32,0.73,-6.05,SELL
2026-05-27,603316,25.4,23.18,0.73,-8.74,SELL
2026-05-28,603938,,42.96,3.71,,
2026-05-28,600172,13.3,14.6,3.71,-0.23,
2026-05-28,000509,,5.73,3.71,,
2026-05-28,002782,28.54,29.96,3.71,5.61,
2026-05-28,603936,25.21,25.42,3.71,-4.32,
2026-05-28,002552,38.39,50.53,3.71,31.62,SELL
2026-05-29,600172,13.3,14.08,-9.13,9.77,
2026-05-29,000509,5.72,5.16,-9.13,0.17,
2026-05-29,603989,,35.81,-9.13,,
2026-05-29,002782,28.54,27.72,-9.13,4.98,
2026-05-29,603936,25.21,23.98,-9.13,0.83,
2026-05-29,603938,43.0,42.96,-9.13,-0.09,SELL
2026-06-01,600172,13.3,13.47,-3.74,5.86,
2026-06-01,603989,37.1,32.23,-3.74,-3.48,
2026-06-01,002782,28.54,26.99,-3.74,-2.87,
2026-06-01,600234,,25.66,-3.74,,
2026-06-01,603936,25.21,22.36,-3.74,-4.88,
2026-06-01,000509,5.72,5.16,-3.74,-9.79,SELL
2026-06-02,002579,,20.76,3.57,,
2026-06-02,300721,,31.96,3.57,,
2026-06-02,600172,13.3,13.9,3.57,1.28,
2026-06-02,002951,,21.34,3.57,,
2026-06-02,002782,28.54,26.37,3.57,-5.43,
2026-06-02,603989,37.1,32.23,3.57,-13.13,SELL
2026-06-02,600234,25.69,25.66,3.57,-0.12,SELL
2026-06-02,603936,25.21,22.36,3.57,-11.31,SELL
2026-06-03,002579,19.16,19.45,2.89,8.35,
2026-06-03,600172,13.3,15.04,2.89,4.51,
2026-06-03,002951,19.21,22.54,2.89,11.09,
2026-06-03,603890,,31.33,2.89,,
2026-06-03,000601,,9.3,2.89,,
2026-06-03,002782,28.54,26.37,2.89,-7.6,SELL
2026-06-03,300721,32.97,31.96,2.89,-3.06,SELL
2026-06-04,002579,19.16,20.61,2.45,1.51,
2026-06-04,600367,,46.98,2.45,,
2026-06-04,600172,13.3,14.48,2.45,13.08,
2026-06-04,603890,31.59,29.36,2.45,-0.82,
2026-06-04,000601,8.77,8.6,2.45,6.04,
2026-06-04,002951,19.21,22.54,2.45,17.33,SELL
2026-06-05,002579,19.16,18.69,-2.3,7.57,
2026-06-05,002971,,39.3,-2.3,,
2026-06-05,600367,45.24,49.5,-2.3,3.85,
2026-06-05,600172,13.3,13.43,-2.3,8.87,
2026-06-05,002951,,22.31,-2.3,,
2026-06-05,000601,8.77,8.6,-2.3,-1.94,SELL
2026-06-05,603890,31.59,29.36,-2.3,-7.06,SELL
